{"music_volume": 0.30000000000000004, "sfx_volume": 0.05000000000000007}