{"music_volume": 0.688888888888889, "sfx_volume": 0.05000000000000007}